"Dam","Year","Month","Dam_Other","Capacity","PercentTotalCapacity","Date"
"Alexandra",2012,1,"Other",134,0.000102874043592876,2012-01-16
"Alexandra",2012,2,"Other",134,6.27442981396205e-05,2012-02-15
"Alexandra",2012,3,"Other",134,4.77787853324672e-05,2012-03-16
"Alexandra",2012,4,"Other",134,5.59821034637957e-05,2012-04-15
"Alexandra",2012,5,"Other",134,7.593612054e-05,2012-05-16
"Alexandra",2012,6,"Other",134,9.91049514784818e-05,2012-06-15
"Alexandra",2012,7,"Other",134,0.000119724102457226,2012-07-16
"Alexandra",2012,8,"Other",134,0.000118393834652146,2012-08-16
"Alexandra",2012,9,"Other",134,0.000146329458558832,2012-09-15
"Alexandra",2012,10,"Other",134,0.000144777479452905,2012-10-16
"Alexandra",2012,11,"Other",134,0.000122495493717811,2012-11-15
"Alexandra",2012,12,"Other",134,0.000101765487088642,2012-12-16
"Alexandra",2013,1,"Other",134,8.30308821670949e-05,2013-01-16
"Alexandra",2013,2,"Other",134,7.08367606205256e-05,2013-02-14
"Alexandra",2013,3,"Other",134,2.76030569554161e-05,2013-03-16
"Alexandra",2013,4,"Other",134,3.38109733791241e-05,2013-04-15
"Alexandra",2013,5,"Other",134,7.29430179785694e-05,2013-05-16
"Alexandra",2013,6,"Other",134,9.88278123524234e-05,2013-06-15
"Alexandra",2013,7,"Other",134,0.000102541476641606,2013-07-16
"Alexandra",2013,8,"Other",134,0.000144334056851212,2013-08-16
"Alexandra",2013,9,"Other",134,0.000148768282868146,2013-09-15
"Alexandra",2013,10,"Other",134,0.000132805069207183,2013-10-16
"Alexandra",2013,11,"Other",134,0.000138236996077927,2013-11-15
"Alexandra",2013,12,"Other",134,0.000117839556400029,2013-12-16
"Alexandra",2014,1,"Other",134,9.83289619255183e-05,2014-01-16
"Alexandra",2014,2,"Other",134,8.19223256628614e-05,2014-02-14
"Alexandra",2014,3,"Other",134,7.1280183222219e-05,2014-03-16
"Alexandra",2014,4,"Other",134,7.2832162328146e-05,2014-04-15
"Alexandra",2014,5,"Other",134,6.83979363112117e-05,2014-05-16
"Alexandra",2014,6,"Other",134,0.000144555768152058,2014-06-15
"Alexandra",2014,7,"Other",134,0.000148768282868146,2014-07-16
"Alexandra",2014,8,"Other",134,0.000148768282868146,2014-08-16
"Alexandra",2014,9,"Other",134,0.000128703410141518,2014-09-15
"Alexandra",2014,10,"Other",134,0.000108305970463621,2014-10-16
"Alexandra",2014,11,"Other",134,8.85736646882628e-05,2014-11-15
"Alexandra",2014,12,"Other",134,6.95064928154453e-05,2014-12-16
"Alexandra",2015,1,"Other",134,5.93077729764964e-05,2015-01-16
"Alexandra",2015,2,"Other",134,5.9030633850438e-05,2015-02-14
"Alexandra",2015,3,"Other",134,5.02176096417811e-05,2015-03-16
"Alexandra",2015,4,"Other",134,1.09747093919124e-05,2015-04-15
"Alexandra",2015,5,"Other",134,0,2015-05-16
"Alexandra",2015,6,"Other",134,1.70163423399854e-05,2015-06-15
"Alexandra",2015,7,"Other",134,3.08178708176934e-05,2015-07-16
"Alexandra",2015,8,"Other",134,5.04393209426278e-05,2015-08-16
"Alexandra",2015,9,"Other",134,5.19913000485548e-05,2015-09-15
"Alexandra",2015,10,"Other",134,5.34324235040584e-05,2015-10-16
"Alexandra",2015,11,"Other",134,5.07718878938978e-05,2015-11-15
"Alexandra",2015,12,"Other",134,4.72245070803504e-05,2015-12-16
"Alexandra",2016,1,"Other",134,7.49384196861898e-05,2016-01-16
"Alexandra",2016,2,"Other",134,6.38528546438541e-05,2016-02-15
"Alexandra",2016,3,"Other",134,5.23238669998249e-05,2016-03-16
"Alexandra",2016,4,"Other",134,4.94970479140292e-05,2016-04-15
"Alexandra",2016,5,"Other",134,2.91550360613431e-05,2016-05-16
"Alexandra",2016,6,"Other",134,3.66932202901315e-05,2016-06-15
"Alexandra",2016,7,"Other",134,5.6092959114219e-05,2016-07-16
"Alexandra",2016,8,"Other",134,6.91739258641752e-05,2016-08-16
"Alexandra",2016,9,"Other",134,6.54602615749927e-05,2016-09-15
"Alexandra",2016,10,"Other",134,6.11923190336935e-05,2016-10-16
"Alexandra",2016,11,"Other",134,5.33769956788467e-05,2016-11-15
"Alexandra",2016,12,"Other",134,5.11044548451679e-05,2016-12-16
"Alexandra",2017,1,"Other",134,4.8665630535854e-05,2017-01-16
"Alexandra",2017,2,"Other",134,4.82366191687156e-05,2017-02-14
"Alexandra",2017,3,"Other",134,4.61525329407565e-05,2017-03-16
"Alexandra",2017,4,"Other",134,4.57057846695504e-05,2017-04-15
"Alexandra",2017,5,"Other",134,4.54075829699116e-05,2017-05-16
"Alexandra",2017,6,"Other",134,5.64892680644826e-05,2017-06-15
"Alexandra",2017,7,"Other",134,7.10651232603977e-05,2017-07-16
"Alexandra",2017,8,"Other",134,9.49157164489831e-05,2017-08-16
"Alexandra",2017,9,"Other",134,,2017-09-04
"Berg River",2012,1,"Berg River",130010,0.121342594953407,2012-01-16
"Berg River",2012,2,"Berg River",130010,0.106278420617377,2012-02-15
"Berg River",2012,3,"Berg River",130010,0.0928859494897314,2012-03-16
"Berg River",2012,4,"Berg River",130010,0.0859907280333986,2012-04-15
"Berg River",2012,5,"Berg River",130010,0.0886734347736439,2012-05-16
"Berg River",2012,6,"Berg River",130010,0.10056824606407,2012-06-15
"Berg River",2012,7,"Berg River",130010,0.127650281462496,2012-07-16
"Berg River",2012,8,"Berg River",130010,0.144832907278117,2012-08-16
"Berg River",2012,9,"Berg River",130010,0.144805193365511,2012-09-15
"Berg River",2012,10,"Berg River",130010,0.144600110412228,2012-10-16
"Berg River",2012,11,"Berg River",130010,0.143702179643799,2012-11-15
"Berg River",2012,12,"Berg River",130010,0.13753860548026,2012-12-16
"Berg River",2013,1,"Berg River",130010,0.124191585169288,2013-01-16
"Berg River",2013,2,"Berg River",130010,0.110827936510751,2013-02-14
"Berg River",2013,3,"Berg River",130010,0.0989054113077198,2013-03-16
"Berg River",2013,4,"Berg River",130010,0.095513228404765,2013-04-15
"Berg River",2013,5,"Berg River",130010,0.10398260009711,2013-05-16
"Berg River",2013,6,"Berg River",130010,0.128969463702534,2013-06-15
"Berg River",2013,7,"Berg River",130010,0.14142963881012,2013-07-16
"Berg River",2013,8,"Berg River",130010,0.145309586574937,2013-08-16
"Berg River",2013,9,"Berg River",130010,0.145243073184683,2013-09-15
"Berg River",2013,10,"Berg River",130010,0.144300800156085,2013-10-16
"Berg River",2013,11,"Berg River",130010,0.144505883109368,2013-11-15
"Berg River",2013,12,"Berg River",130010,0.142682307659904,2013-12-16
"Berg River",2014,1,"Berg River",130010,0.14328092817219,2014-01-16
"Berg River",2014,2,"Berg River",130010,0.136784787057381,2014-02-14
"Berg River",2014,3,"Berg River",130010,0.12742857016165,2014-03-16
"Berg River",2014,4,"Berg River",130010,0.128692324576476,2014-04-15
"Berg River",2014,5,"Berg River",130010,0.131230918971171,2014-05-16
"Berg River",2014,6,"Berg River",130010,0.145420442225361,2014-06-15
"Berg River",2014,7,"Berg River",130010,0.144600110412228,2014-07-16
"Berg River",2014,8,"Berg River",130010,0.14513221753426,2014-08-16
"Berg River",2014,9,"Berg River",130010,0.144328514068691,2014-09-15
"Berg River",2014,10,"Berg River",130010,0.143048131306301,2014-10-16
"Berg River",2014,11,"Berg River",130010,0.141878604194335,2014-11-15
"Berg River",2014,12,"Berg River",130010,0.134866984305057,2014-12-16
"Berg River",2015,1,"Berg River",130010,0.119879300367819,2015-01-16
"Berg River",2015,2,"Berg River",130010,0.106171999192971,2015-02-14
"Berg River",2015,3,"Berg River",130010,0.0935843400873986,2015-03-16
"Berg River",2015,4,"Berg River",130010,0.0829366548642351,2015-04-15
"Berg River",2015,5,"Berg River",130010,0.0778095810321548,2015-05-16
"Berg River",2015,6,"Berg River",130010,0.0819056973152978,2015-06-15
"Berg River",2015,7,"Berg River",130010,0.0873542525336059,2015-07-16
"Berg River",2015,8,"Berg River",130010,0.122961087449588,2015-08-16
"Berg River",2015,9,"Berg River",130010,0.128625811186222,2015-09-15
"Berg River",2015,10,"Berg River",130010,0.128914035877323,2015-10-16
"Berg River",2015,11,"Berg River",130010,0.120472378097584,2015-11-15
"Berg River",2015,12,"Berg River",130010,0.103827402186517,2015-12-16
"Berg River",2016,1,"Berg River",130010,0.0826539729556555,2016-01-16
"Berg River",2016,2,"Berg River",130010,0.0605382706961957,2016-02-15
"Berg River",2016,3,"Berg River",130010,0.0410831040468964,2016-03-16
"Berg River",2016,4,"Berg River",130010,0.0346479335398205,2016-04-15
"Berg River",2016,5,"Berg River",130010,0.039253985814911,2016-05-16
"Berg River",2016,6,"Berg River",130010,0.0473464482958161,2016-06-15
"Berg River",2016,7,"Berg River",130010,0.0671563530264701,2016-07-16
"Berg River",2016,8,"Berg River",130010,0.0931852597458745,2016-08-16
"Berg River",2016,9,"Berg River",130010,0.102131310735039,2016-09-15
"Berg River",2016,10,"Berg River",130010,0.105634349288418,2016-10-16
"Berg River",2016,11,"Berg River",130010,0.101743315958558,2016-11-15
"Berg River",2016,12,"Berg River",130010,0.0906355797861373,2016-12-16
"Berg River",2017,1,"Berg River",130010,0.0771666182596993,2017-01-16
"Berg River",2017,2,"Berg River",130010,0.0646510153269022,2017-02-14
"Berg River",2017,3,"Berg River",130010,0.0546740067888,2017-03-16
"Berg River",2017,4,"Berg River",130010,0.0491478526151957,2017-04-15
"Berg River",2017,5,"Berg River",130010,0.0465261164826832,2017-05-16
"Berg River",2017,6,"Berg River",130010,0.0488817990541796,2017-06-15
"Berg River",2017,7,"Berg River",130010,0.0553169695612555,2017-07-16
"Berg River",2017,8,"Berg River",130010,0.0714963517405446,2017-08-16
"Berg River",2017,9,"Berg River",130010,,2017-09-04
"De Villiers",2012,1,"Other",242,0.000217831353081898,2012-01-16
"De Villiers",2012,2,"Other",242,0.000128703410141518,2012-02-15
"De Villiers",2012,3,"Other",242,7.05041936692555e-05,2012-03-16
"De Villiers",2012,4,"Other",242,7.593612054e-05,2012-04-15
"De Villiers",2012,5,"Other",242,0.000110301372171241,2012-05-16
"De Villiers",2012,6,"Other",242,0.000185018080556584,2012-06-15
"De Villiers",2012,7,"Other",242,0.000261841046299971,2012-07-16
"De Villiers",2012,8,"Other",242,0.000269268374878336,2012-08-16
"De Villiers",2012,9,"Other",242,0.000267383828821139,2012-09-15
"De Villiers",2012,10,"Other",242,0.000268270674024526,2012-10-16
"De Villiers",2012,11,"Other",242,0.000250422914306365,2012-11-15
"De Villiers",2012,12,"Other",242,0.000262617035852934,2012-12-16
"De Villiers",2013,1,"Other",242,0.000232796865889051,2013-01-16
"De Villiers",2013,2,"Other",242,0.000127927420588555,2013-02-14
"De Villiers",2013,3,"Other",242,0.000215835951374277,2013-03-16
"De Villiers",2013,4,"Other",242,0.000198043619481328,2013-04-15
"De Villiers",2013,5,"Other",242,0.000146440314209256,2013-05-16
"De Villiers",2013,6,"Other",242,0.000212842848812847,2013-06-15
"De Villiers",2013,7,"Other",242,0.000235457401499212,2013-07-16
"De Villiers",2013,8,"Other",242,0.000268714096626219,2013-08-16
"De Villiers",2013,9,"Other",242,0.000269711797480029,2013-09-15
"De Villiers",2013,10,"Other",242,0.000267827251422832,2013-10-16
"De Villiers",2013,11,"Other",242,0.000268270674024526,2013-11-15
"De Villiers",2013,12,"Other",242,0.000262173613251241,2013-12-16
"De Villiers",2014,1,"Other",242,0.000260732489795737,2014-01-16
"De Villiers",2014,2,"Other",242,0.000254413717721606,2014-02-14
"De Villiers",2014,3,"Other",242,0.000248649223899591,2014-03-16
"De Villiers",2014,4,"Other",242,0.000265720994064788,2014-04-15
"De Villiers",2014,5,"Other",242,0.000268714096626219,2014-05-16
"De Villiers",2014,6,"Other",242,0.000269711797480029,2014-06-15
"De Villiers",2014,7,"Other",242,0.000269268374878336,2014-07-16
"De Villiers",2014,8,"Other",242,0.000269268374878336,2014-08-16
"De Villiers",2014,9,"Other",242,0.000258293665486423,2014-09-15
"De Villiers",2014,10,"Other",242,0.000217831353081898,2014-10-16
"De Villiers",2014,11,"Other",242,0.000169830856448584,2014-11-15
"De Villiers",2014,12,"Other",242,0.000170052567749431,2014-12-16
"De Villiers",2015,1,"Other",242,0.000171050268603241,2015-01-16
"De Villiers",2015,2,"Other",242,0.000119834958107649,2015-02-14
"De Villiers",2015,3,"Other",242,0.000104426022698803,2015-03-16
"De Villiers",2015,4,"Other",242,0.00012083265896146,2015-04-15
"De Villiers",2015,5,"Other",242,0.000121719504164847,2015-05-16
"De Villiers",2015,6,"Other",242,0.000146772881160526,2015-06-15
"De Villiers",2015,7,"Other",242,0.00017991872063711,2015-07-16
"De Villiers",2015,8,"Other",242,0.000229914618978044,2015-08-16
"De Villiers",2015,9,"Other",242,0.000246099543939854,2015-09-15
"De Villiers",2015,10,"Other",242,0.000246099543939854,2015-10-16
"De Villiers",2015,11,"Other",242,0.000216168518325548,2015-11-15
"De Villiers",2015,12,"Other",242,0.000204861241982365,2015-12-16
"De Villiers",2016,1,"Other",242,0.000192888831736642,2016-01-16
"De Villiers",2016,2,"Other",242,0.000189230595272672,2016-02-15
"De Villiers",2016,3,"Other",242,0.000182135833645577,2016-03-16
"De Villiers",2016,4,"Other",242,0.000160629837463446,2016-04-15
"De Villiers",2016,5,"Other",242,0.000231355742433548,2016-05-16
"De Villiers",2016,6,"Other",242,0.000213452554890175,2016-06-15
"De Villiers",2016,7,"Other",242,0.000268714096626219,2016-07-16
"De Villiers",2016,8,"Other",242,0.000268714096626219,2016-08-16
"De Villiers",2016,9,"Other",242,0.000253693155993854,2016-09-15
"De Villiers",2016,10,"Other",242,0.000236676813653869,2016-10-16
"De Villiers",2016,11,"Other",242,0.000231910020685664,2016-11-15
"De Villiers",2016,12,"Other",242,0.000204306963730248,2016-12-16
"De Villiers",2017,1,"Other",242,0.000175041072018482,2017-01-16
"De Villiers",2017,2,"Other",242,0.000149917301684784,2017-02-14
"De Villiers",2017,3,"Other",242,0.000134310488939932,2017-03-16
"De Villiers",2017,4,"Other",242,0.000124241470211978,2017-04-15
"De Villiers",2017,5,"Other",242,0.000114629176763769,2017-05-16
"De Villiers",2017,6,"Other",242,0.000129931690748209,2017-06-15
"De Villiers",2017,7,"Other",242,0.000169126923068396,2017-07-16
"De Villiers",2017,8,"Other",242,0.00020204772557462,2017-08-16
"De Villiers",2017,9,"Other",242,,2017-09-04
"Hely-Hutchinson",2012,1,"Other",925,0.00088019386436146,2012-01-16
"Hely-Hutchinson",2012,2,"Other",925,0.00047113651429927,2012-02-15
"Hely-Hutchinson",2012,3,"Other",925,0.000189563162223942,2012-03-16
"Hely-Hutchinson",2012,4,"Other",925,0,2012-04-15
"Hely-Hutchinson",2012,5,"Other",925,0,2012-05-16
"Hely-Hutchinson",2012,6,"Other",925,0.000313167212445985,2012-06-15
"Hely-Hutchinson",2012,7,"Other",925,0.00102652332292029,2012-07-16
"Hely-Hutchinson",2012,8,"Other",925,0.00102874043592876,2012-08-16
"Hely-Hutchinson",2012,9,"Other",925,0.00102652332292029,2012-09-15
"Hely-Hutchinson",2012,10,"Other",925,0.00102541476641606,2012-10-16
"Hely-Hutchinson",2012,11,"Other",925,0.00101987198389489,2012-11-15
"Hely-Hutchinson",2012,12,"Other",925,0.00100767786234832,2012-12-16
"Hely-Hutchinson",2013,1,"Other",925,0.000979963949742482,2013-01-16
"Hely-Hutchinson",2013,2,"Other",925,0.000697836319415037,2013-02-14
"Hely-Hutchinson",2013,3,"Other",925,0,2013-03-16
"Hely-Hutchinson",2013,4,"Other",925,0,2013-04-15
"Hely-Hutchinson",2013,5,"Other",925,0.000353629524850511,2013-05-16
"Hely-Hutchinson",2013,6,"Other",925,0.00102874043592876,2013-06-15
"Hely-Hutchinson",2013,7,"Other",925,0.00102874043592876,2013-07-16
"Hely-Hutchinson",2013,8,"Other",925,0.00102874043592876,2013-08-16
"Hely-Hutchinson",2013,9,"Other",925,0.00102929471418088,2013-09-15
"Hely-Hutchinson",2013,10,"Other",925,0.00102319765340759,2013-10-16
"Hely-Hutchinson",2013,11,"Other",925,0.00101765487088642,2013-11-15
"Hely-Hutchinson",2013,12,"Other",925,0.00101100353186102,2013-12-16
"Hely-Hutchinson",2014,1,"Other",925,0.00101432920137372,2014-01-16
"Hely-Hutchinson",2014,2,"Other",925,0.000969432662952264,2014-02-14
"Hely-Hutchinson",2014,3,"Other",925,0.000422360028112993,2014-03-16
"Hely-Hutchinson",2014,4,"Other",925,0.000313721490698102,2014-04-15
"Hely-Hutchinson",2014,5,"Other",925,0.000267162117520292,2014-05-16
"Hely-Hutchinson",2014,6,"Other",925,0.000669013850304964,2014-06-15
"Hely-Hutchinson",2014,7,"Other",925,0.00102541476641606,2014-07-16
"Hely-Hutchinson",2014,8,"Other",925,0.00102874043592876,2014-08-16
"Hely-Hutchinson",2014,9,"Other",925,0.00102541476641606,2014-09-15
"Hely-Hutchinson",2014,10,"Other",925,0.00084582861273022,2014-10-16
"Hely-Hutchinson",2014,11,"Other",925,0.000403514567541022,2014-11-15
"Hely-Hutchinson",2014,12,"Other",925,0.000400188898028321,2014-12-16
"Hely-Hutchinson",2015,1,"Other",925,0.000481113522837373,2015-01-16
"Hely-Hutchinson",2015,2,"Other",925,4.9885042690511e-05,2015-02-14
"Hely-Hutchinson",2015,3,"Other",925,0,2015-03-16
"Hely-Hutchinson",2015,4,"Other",925,0,2015-04-15
"Hely-Hutchinson",2015,5,"Other",925,0,2015-05-16
"Hely-Hutchinson",2015,6,"Other",925,0.000432891314903212,2015-06-15
"Hely-Hutchinson",2015,7,"Other",925,0.000795943570039708,2015-07-16
"Hely-Hutchinson",2015,8,"Other",925,0.00102874043592876,2015-08-16
"Hely-Hutchinson",2015,9,"Other",925,0.00102541476641606,2015-09-15
"Hely-Hutchinson",2015,10,"Other",925,0.00102652332292029,2015-10-16
"Hely-Hutchinson",2015,11,"Other",925,0.00102430620991182,2015-11-15
"Hely-Hutchinson",2015,12,"Other",925,0.00101987198389489,2015-12-16
"Hely-Hutchinson",2016,1,"Other",925,0.000989940958280585,2016-01-16
"Hely-Hutchinson",2016,2,"Other",925,0.000881302420865694,2016-02-15
"Hely-Hutchinson",2016,3,"Other",925,0.000791509344022774,2016-03-16
"Hely-Hutchinson",2016,4,"Other",925,0.000656819728758394,2016-04-15
"Hely-Hutchinson",2016,5,"Other",925,0.000603054738303066,2016-05-16
"Hely-Hutchinson",2016,6,"Other",925,0.000604717573059416,2016-06-15
"Hely-Hutchinson",2016,7,"Other",925,0.00102652332292029,2016-07-16
"Hely-Hutchinson",2016,8,"Other",925,0.00102874043592876,2016-08-16
"Hely-Hutchinson",2016,9,"Other",925,0.00102596904466818,2016-09-15
"Hely-Hutchinson",2016,10,"Other",925,0.00102541476641606,2016-10-16
"Hely-Hutchinson",2016,11,"Other",925,0.00100767786234832,2016-11-15
"Hely-Hutchinson",2016,12,"Other",925,0.00101322064486949,2016-12-16
"Hely-Hutchinson",2017,1,"Other",925,0.000995483740801752,2017-01-16
"Hely-Hutchinson",2017,2,"Other",925,0.000993735547194576,2017-02-14
"Hely-Hutchinson",2017,3,"Other",925,0.000967663406771507,2017-03-16
"Hely-Hutchinson",2017,4,"Other",925,0.00100416484678641,2017-04-15
"Hely-Hutchinson",2017,5,"Other",925,0.00101111660462445,2017-05-16
"Hely-Hutchinson",2017,6,"Other",925,0.0010267605540122,2017-06-15
"Hely-Hutchinson",2017,7,"Other",925,0.0010267605540122,2017-07-16
"Hely-Hutchinson",2017,8,"Other",925,0.0010267605540122,2017-08-16
"Hely-Hutchinson",2017,9,"Other",925,,2017-09-04
"Kleinplaats",2012,1,"Other",1301,0.000350968989240351,2012-01-16
"Kleinplaats",2012,2,"Other",1301,0.000310063254234132,2012-02-15
"Kleinplaats",2012,3,"Other",1301,0.00028656185634438,2012-03-16
"Kleinplaats",2012,4,"Other",1301,0.000261286768047854,2012-04-15
"Kleinplaats",2012,5,"Other",1301,0.000271928910488497,2012-05-16
"Kleinplaats",2012,6,"Other",1301,0.000536541348049052,2012-06-15
"Kleinplaats",2012,7,"Other",1301,0.000864895784603037,2012-07-16
"Kleinplaats",2012,8,"Other",1301,0.00134955668825396,2012-08-16
"Kleinplaats",2012,9,"Other",1301,0.00144178858940619,2012-09-15
"Kleinplaats",2012,10,"Other",1301,0.00144178858940619,2012-10-16
"Kleinplaats",2012,11,"Other",1301,0.00141285526464569,2012-11-15
"Kleinplaats",2012,12,"Other",1301,0.00125787906535384,2012-12-16
"Kleinplaats",2013,1,"Other",1301,0.00108904590975907,2013-01-16
"Kleinplaats",2013,2,"Other",1301,0.000910069462150555,2013-02-14
"Kleinplaats",2013,3,"Other",1301,0.000731536437143738,2013-03-16
"Kleinplaats",2013,4,"Other",1301,0.000661586521726599,2013-04-15
"Kleinplaats",2013,5,"Other",1301,0.000647064431521139,2013-05-16
"Kleinplaats",2013,6,"Other",1301,0.000800433223881854,2013-06-15
"Kleinplaats",2013,7,"Other",1301,0.00111520784325898,2013-07-16
"Kleinplaats",2013,8,"Other",1301,0.00144178858940619,2013-08-16
"Kleinplaats",2013,9,"Other",1301,0.00147781667579378,2013-09-15
"Kleinplaats",2013,10,"Other",1301,0.00147781667579378,2013-10-16
"Kleinplaats",2013,11,"Other",1301,0.00138092883732377,2013-11-15
"Kleinplaats",2013,12,"Other",1301,0.00138092883732377,2013-12-16
"Kleinplaats",2014,1,"Other",1301,0.00125787906535384,2014-01-16
"Kleinplaats",2014,2,"Other",1301,0.00103783059926348,2014-02-14
"Kleinplaats",2014,3,"Other",1301,0.000922873289774453,2014-03-16
"Kleinplaats",2014,4,"Other",1301,0.000815675875815066,2014-04-15
"Kleinplaats",2014,5,"Other",1301,0.000747167083853431,2014-05-16
"Kleinplaats",2014,6,"Other",1301,0.00114170234371016,2014-06-15
"Kleinplaats",2014,7,"Other",1301,0.00144178858940619,2014-07-16
"Kleinplaats",2014,8,"Other",1301,0.00144178858940619,2014-08-16
"Kleinplaats",2014,9,"Other",1301,0.00141285526464569,2014-09-15
"Kleinplaats",2014,10,"Other",1301,0.00128803180226899,2014-10-16
"Kleinplaats",2014,11,"Other",1301,0.00108904590975907,2014-11-15
"Kleinplaats",2014,12,"Other",1301,0.000824544327848935,2014-12-16
"Kleinplaats",2015,1,"Other",1301,0.00054308183142403,2015-01-16
"Kleinplaats",2015,2,"Other",1301,0.000469196540416862,2015-02-14
"Kleinplaats",2015,3,"Other",1301,0.000421140615958336,2015-03-16
"Kleinplaats",2015,4,"Other",1301,0.000393315847702073,2015-04-15
"Kleinplaats",2015,5,"Other",1301,0.000379791458350424,2015-05-16
"Kleinplaats",2015,6,"Other",1301,0.000366488780299621,2015-06-15
"Kleinplaats",2015,7,"Other",1301,0.000432447892301519,2015-07-16
"Kleinplaats",2015,8,"Other",1301,0.000963557313479825,2015-08-16
"Kleinplaats",2015,9,"Other",1301,0.00117728700749606,2015-09-15
"Kleinplaats",2015,10,"Other",1301,0.00122240525721837,2015-10-16
"Kleinplaats",2015,11,"Other",1301,0.00116298662859144,2015-11-15
"Kleinplaats",2015,12,"Other",1301,0.000869551721920818,2015-12-16
"Kleinplaats",2016,1,"Other",1301,0.00075703323674111,2016-01-16
"Kleinplaats",2016,2,"Other",1301,0.000672672086768935,2016-02-15
"Kleinplaats",2016,3,"Other",1301,0.000559710178987533,2016-03-16
"Kleinplaats",2016,4,"Other",1301,0.000470693091697577,2016-04-15
"Kleinplaats",2016,5,"Other",1301,0.000442646612140467,2016-05-16
"Kleinplaats",2016,6,"Other",1301,0.000467034855233606,2016-06-15
"Kleinplaats",2016,7,"Other",1301,0.000798271538698599,2016-07-16
"Kleinplaats",2016,8,"Other",1301,0.00128193474149571,2016-08-16
"Kleinplaats",2016,9,"Other",1301,0.0013872476093979,2016-09-15
"Kleinplaats",2016,10,"Other",1301,0.00130321902637699,2016-10-16
"Kleinplaats",2016,11,"Other",1301,0.00114170234371016,2016-11-15
"Kleinplaats",2016,12,"Other",1301,0.000944268430306161,2016-12-16
"Kleinplaats",2017,1,"Other",1301,0.000824544327848935,2017-01-16
"Kleinplaats",2017,2,"Other",1301,0.000761024040156351,2017-02-14
"Kleinplaats",2017,3,"Other",1301,0.000681983961404497,2017-03-16
"Kleinplaats",2017,4,"Other",1301,0.000620126508468263,2017-04-15
"Kleinplaats",2017,5,"Other",1301,0.000585206978584905,2017-05-16
"Kleinplaats",2017,6,"Other",1301,0.000556384509474832,2017-06-15
"Kleinplaats",2017,7,"Other",1301,0.000568135208419708,2017-07-16
"Kleinplaats",2017,8,"Other",1301,0.000704653941916074,2017-08-16
"Kleinplaats",2017,9,"Other",1301,,2017-09-04
"Lewis Gay",2012,1,"Other",168,0.000126375441482628,2012-01-16
"Lewis Gay",2012,2,"Other",168,9.43381585102774e-05,2012-02-15
"Lewis Gay",2012,3,"Other",168,7.15018945230657e-05,2012-03-16
"Lewis Gay",2012,4,"Other",168,4.84439192350073e-05,2012-04-15
"Lewis Gay",2012,5,"Other",168,5.49844026099854e-05,2012-05-16
"Lewis Gay",2012,6,"Other",168,0.000163955506976146,2012-06-15
"Lewis Gay",2012,7,"Other",168,0.000187900327467591,2012-07-16
"Lewis Gay",2012,8,"Other",168,0.000187900327467591,2012-08-16
"Lewis Gay",2012,9,"Other",168,0.000187900327467591,2012-09-15
"Lewis Gay",2012,10,"Other",168,0.000187900327467591,2012-10-16
"Lewis Gay",2012,11,"Other",168,0.000187900327467591,2012-11-15
"Lewis Gay",2012,12,"Other",168,0.000182800967548117,2012-12-16
"Lewis Gay",2013,1,"Other",168,0.000127483997986861,2013-01-16
"Lewis Gay",2013,2,"Other",168,0.000119945813758073,2013-02-14
"Lewis Gay",2013,3,"Other",168,0.000126153730181781,2013-03-16
"Lewis Gay",2013,4,"Other",168,0.000109691666093913,2013-04-15
"Lewis Gay",2013,5,"Other",168,8.75759638344526e-05,2013-05-16
"Lewis Gay",2013,6,"Other",168,0.000161572110492044,2013-06-15
"Lewis Gay",2013,7,"Other",168,0.000187900327467591,2013-07-16
"Lewis Gay",2013,8,"Other",168,0.000187900327467591,2013-08-16
"Lewis Gay",2013,9,"Other",168,0.000187900327467591,2013-09-15
"Lewis Gay",2013,10,"Other",168,0.000187900327467591,2013-10-16
"Lewis Gay",2013,11,"Other",168,0.000182412972771635,2013-11-15
"Lewis Gay",2013,12,"Other",168,0.000172491392058745,2013-12-16
"Lewis Gay",2014,1,"Other",168,0.000117839556400029,2014-01-16
"Lewis Gay",2014,2,"Other",168,0.00013468961526438,2014-02-14
"Lewis Gay",2014,3,"Other",168,8.1811470012438e-05,2014-03-16
"Lewis Gay",2014,4,"Other",168,8.59685569033139e-05,2014-04-15
"Lewis Gay",2014,5,"Other",168,0.000140343253435971,2014-05-16
"Lewis Gay",2014,6,"Other",168,0.00018191412234473,2014-06-15
"Lewis Gay",2014,7,"Other",168,0.000187900327467591,2014-07-16
"Lewis Gay",2014,8,"Other",168,0.000187900327467591,2014-08-16
"Lewis Gay",2014,9,"Other",168,0.000183632384926292,2014-09-15
"Lewis Gay",2014,10,"Other",168,0.000124712606726277,2014-10-16
"Lewis Gay",2014,11,"Other",168,0.000127761137112919,2014-11-15
"Lewis Gay",2014,12,"Other",168,0.000141230098639358,2014-12-16
"Lewis Gay",2015,1,"Other",168,0.000161073260065139,2015-01-16
"Lewis Gay",2015,2,"Other",168,0.000145220902054599,2015-02-14
"Lewis Gay",2015,3,"Other",168,0.000139123841281314,2015-03-16
"Lewis Gay",2015,4,"Other",168,0.000133248491808876,2015-04-15
"Lewis Gay",2015,5,"Other",168,0.000124158328474161,2015-05-16
"Lewis Gay",2015,6,"Other",168,0.000130366244897869,2015-06-15
"Lewis Gay",2015,7,"Other",168,0.000171493691204934,2015-07-16
"Lewis Gay",2015,8,"Other",168,0.000187900327467591,2015-08-16
"Lewis Gay",2015,9,"Other",168,0.000186237492711241,2015-09-15
"Lewis Gay",2015,10,"Other",168,0.000184463802304467,2015-10-16
"Lewis Gay",2015,11,"Other",168,0.000176759334600044,2015-11-15
"Lewis Gay",2015,12,"Other",168,0.000181027277141343,2015-12-16
"Lewis Gay",2016,1,"Other",168,0.000108749393065314,2016-01-16
"Lewis Gay",2016,2,"Other",168,4.73353627307738e-05,2016-02-15
"Lewis Gay",2016,3,"Other",168,1.43003789046131e-05,2016-03-16
"Lewis Gay",2016,4,"Other",168,2.8822469110073e-06,2016-04-15
"Lewis Gay",2016,5,"Other",168,3.10395821185402e-06,2016-05-16
"Lewis Gay",2016,6,"Other",168,2.93767473621898e-06,2016-06-15
"Lewis Gay",2016,7,"Other",168,4.60050949256935e-05,2016-07-16
"Lewis Gay",2016,8,"Other",168,0.000184463802304467,2016-08-16
"Lewis Gay",2016,9,"Other",168,0.000153756787137197,2016-09-15
"Lewis Gay",2016,10,"Other",168,0.000157969301853285,2016-10-16
"Lewis Gay",2016,11,"Other",168,0.000115456159915927,2016-11-15
"Lewis Gay",2016,12,"Other",168,0.000116509288594949,2016-12-16
"Lewis Gay",2017,1,"Other",168,0.000101322064486949,2017-01-16
"Lewis Gay",2017,2,"Other",168,0.000111687067801533,2017-02-14
"Lewis Gay",2017,3,"Other",168,7.91509344022774e-05,2017-03-16
"Lewis Gay",2017,4,"Other",168,2.67162117520292e-05,2017-04-15
"Lewis Gay",2017,5,"Other",168,2.22819857350949e-05,2017-05-16
"Lewis Gay",2017,6,"Other",168,3.11504377689635e-05,2017-06-15
"Lewis Gay",2017,7,"Other",168,0.000121386937213577,2017-07-16
"Lewis Gay",2017,8,"Other",168,0.000177590751978219,2017-08-16
"Lewis Gay",2017,9,"Other",168,,2017-09-04
"Steenbras Lower",2012,1,"Steenbras Lower",33517,0.0249037218676073,2012-01-16
"Steenbras Lower",2012,2,"Steenbras Lower",33517,0.0218230433423422,2012-02-15
"Steenbras Lower",2012,3,"Steenbras Lower",33517,0.0183964951877562,2012-03-16
"Steenbras Lower",2012,4,"Steenbras Lower",33517,0.0163135175163013,2012-04-15
"Steenbras Lower",2012,5,"Steenbras Lower",33517,0.0165330117041396,2012-05-16
"Steenbras Lower",2012,6,"Steenbras Lower",33517,0.0193975217110791,2012-06-15
"Steenbras Lower",2012,7,"Steenbras Lower",33517,0.0270975551894856,2012-07-16
"Steenbras Lower",2012,8,"Steenbras Lower",33517,0.037194287830045,2012-08-16
"Steenbras Lower",2012,9,"Steenbras Lower",33517,0.0365369138230345,2012-09-15
"Steenbras Lower",2012,10,"Steenbras Lower",33517,0.0371554883523968,2012-10-16
"Steenbras Lower",2012,11,"Steenbras Lower",33517,0.0344156909521836,2012-11-15
"Steenbras Lower",2012,12,"Steenbras Lower",33517,0.0299321341708108,2012-12-16
"Steenbras Lower",2013,1,"Steenbras Lower",33517,0.0262029500905691,2013-01-16
"Steenbras Lower",2013,2,"Steenbras Lower",33517,0.0227176484412587,2013-02-14
"Steenbras Lower",2013,3,"Steenbras Lower",33517,0.0194385383017358,2013-03-16
"Steenbras Lower",2013,4,"Steenbras Lower",33517,0.0168134764997106,2013-04-15
"Steenbras Lower",2013,5,"Steenbras Lower",33517,0.0179974148462321,2013-05-16
"Steenbras Lower",2013,6,"Steenbras Lower",33517,0.0260560663537582,2013-06-15
"Steenbras Lower",2013,7,"Steenbras Lower",33517,0.0295474650638418,2013-07-16
"Steenbras Lower",2013,8,"Steenbras Lower",33517,0.0372341958641974,2013-08-16
"Steenbras Lower",2013,9,"Steenbras Lower",33517,0.0372741038983498,2013-09-15
"Steenbras Lower",2013,10,"Steenbras Lower",33517,0.0361799586286713,2013-10-16
"Steenbras Lower",2013,11,"Steenbras Lower",33517,0.0366965459596441,2013-11-15
"Steenbras Lower",2013,12,"Steenbras Lower",33517,0.0335404855920911,2013-12-16
"Steenbras Lower",2014,1,"Steenbras Lower",33517,0.0304575899538175,2014-01-16
"Steenbras Lower",2014,2,"Steenbras Lower",33517,0.0265000432337037,2014-02-14
"Steenbras Lower",2014,3,"Steenbras Lower",33517,0.0222077124493113,2014-03-16
"Steenbras Lower",2014,4,"Steenbras Lower",33517,0.0189374707618222,2014-04-15
"Steenbras Lower",2014,5,"Steenbras Lower",33517,0.0147792753144421,2014-05-16
"Steenbras Lower",2014,6,"Steenbras Lower",33517,0.0233157146752927,2014-06-15
"Steenbras Lower",2014,7,"Steenbras Lower",33517,0.0318277657930502,2014-07-16
"Steenbras Lower",2014,8,"Steenbras Lower",33517,0.037194287830045,2014-08-16
"Steenbras Lower",2014,9,"Steenbras Lower",33517,0.0361799586286713,2014-09-15
"Steenbras Lower",2014,10,"Steenbras Lower",33517,0.0342621558763472,2014-10-16
"Steenbras Lower",2014,11,"Steenbras Lower",33517,0.0302303358704496,2014-11-15
"Steenbras Lower",2014,12,"Steenbras Lower",33517,0.025614306586821,2014-12-16
"Steenbras Lower",2015,1,"Steenbras Lower",33517,0.0212089030389968,2015-01-16
"Steenbras Lower",2015,2,"Steenbras Lower",33517,0.0198215445739485,2015-02-14
"Steenbras Lower",2015,3,"Steenbras Lower",33517,0.0176249398608096,2015-03-16
"Steenbras Lower",2015,4,"Steenbras Lower",33517,0.0196020503861103,2015-04-15
"Steenbras Lower",2015,5,"Steenbras Lower",33517,0.0178111773535209,2015-05-16
"Steenbras Lower",2015,6,"Steenbras Lower",33517,0.0195748907517565,2015-06-15
"Steenbras Lower",2015,7,"Steenbras Lower",33517,0.0208619248531717,2015-07-16
"Steenbras Lower",2015,8,"Steenbras Lower",33517,0.033615867434379,2015-08-16
"Steenbras Lower",2015,9,"Steenbras Lower",33517,0.0335027946709472,2015-09-15
"Steenbras Lower",2015,10,"Steenbras Lower",33517,0.0320860594585367,2015-10-16
"Steenbras Lower",2015,11,"Steenbras Lower",33517,0.0287215904681878,2015-11-15
"Steenbras Lower",2015,12,"Steenbras Lower",33517,0.0249680181448529,2015-12-16
"Steenbras Lower",2016,1,"Steenbras Lower",33517,0.0202400246542967,2016-01-16
"Steenbras Lower",2016,2,"Steenbras Lower",33517,0.0169963883229092,2016-02-15
"Steenbras Lower",2016,3,"Steenbras Lower",33517,0.0173622119693063,2016-03-16
"Steenbras Lower",2016,4,"Steenbras Lower",33517,0.0147443557845587,2016-04-15
"Steenbras Lower",2016,5,"Steenbras Lower",33517,0.0138192653817758,2016-05-16
"Steenbras Lower",2016,6,"Steenbras Lower",33517,0.0124263641342063,2016-06-15
"Steenbras Lower",2016,7,"Steenbras Lower",33517,0.0157337424645872,2016-07-16
"Steenbras Lower",2016,8,"Steenbras Lower",33517,0.0237619086682467,2016-08-16
"Steenbras Lower",2016,9,"Steenbras Lower",33517,0.0256470090036959,2016-09-15
"Steenbras Lower",2016,10,"Steenbras Lower",33517,0.023825096388988,2016-10-16
"Steenbras Lower",2016,11,"Steenbras Lower",33517,0.0203381319049213,2016-11-15
"Steenbras Lower",2016,12,"Steenbras Lower",33517,0.0163379057593945,2016-12-16
"Steenbras Lower",2017,1,"Steenbras Lower",33517,0.0143502639473037,2017-01-16
"Steenbras Lower",2017,2,"Steenbras Lower",33517,0.0154981742074375,2017-02-14
"Steenbras Lower",2017,3,"Steenbras Lower",33517,0.0126608238348517,2017-03-16
"Steenbras Lower",2017,4,"Steenbras Lower",33517,0.0121242824868026,2017-04-15
"Steenbras Lower",2017,5,"Steenbras Lower",33517,0.00974975445473431,2017-05-16
"Steenbras Lower",2017,6,"Steenbras Lower",33517,0.0106842675878032,2017-06-15
"Steenbras Lower",2017,7,"Steenbras Lower",33517,0.0108904590975907,2017-07-16
"Steenbras Lower",2017,8,"Steenbras Lower",33517,0.0109857949569547,2017-08-16
"Steenbras Lower",2017,9,"Steenbras Lower",33517,,2017-09-04
"Steenbras Upper",2012,1,"Steenbras Upper",31767,0.0328354436553986,2012-01-16
"Steenbras Upper",2012,2,"Steenbras Upper",31767,0.0326691601797635,2012-02-15
"Steenbras Upper",2012,3,"Steenbras Upper",31767,0.026444615408492,2012-03-16
"Steenbras Upper",2012,4,"Steenbras Upper",31767,0.0173699718648359,2012-04-15
"Steenbras Upper",2012,5,"Steenbras Upper",31767,0.0166970780667661,2012-05-16
"Steenbras Upper",2012,6,"Steenbras Upper",31767,0.0251054791513778,2012-06-15
"Steenbras Upper",2012,7,"Steenbras Upper",31767,0.0351556524187594,2012-07-16
"Steenbras Upper",2012,8,"Steenbras Upper",31767,0.035068076454925,2012-08-16
"Steenbras Upper",2012,9,"Steenbras Upper",31767,0.0338996578994628,2012-09-15
"Steenbras Upper",2012,10,"Steenbras Upper",31767,0.0359338590847314,2012-10-16
"Steenbras Upper",2012,11,"Steenbras Upper",31767,0.0355297902389382,2012-11-15
"Steenbras Upper",2012,12,"Steenbras Upper",31767,0.0323886953841924,2012-12-16
"Steenbras Upper",2013,1,"Steenbras Upper",31767,0.0317501668377539,2013-01-16
"Steenbras Upper",2013,2,"Steenbras Upper",31767,0.0291007167926357,2013-02-14
"Steenbras Upper",2013,3,"Steenbras Upper",31767,0.0259690446681758,2013-03-16
"Steenbras Upper",2013,4,"Steenbras Upper",31767,0.0252030321237504,2013-04-15
"Steenbras Upper",2013,5,"Steenbras Upper",31767,0.0240401563508094,2013-05-16
"Steenbras Upper",2013,6,"Steenbras Upper",31767,0.0296184126801127,2013-06-15
"Steenbras Upper",2013,7,"Steenbras Upper",31767,0.0318887364007831,2013-07-16
"Steenbras Upper",2013,8,"Steenbras Upper",31767,0.035604617802974,2013-08-16
"Steenbras Upper",2013,9,"Steenbras Upper",31767,0.0355896522901668,2013-09-15
"Steenbras Upper",2013,10,"Steenbras Upper",31767,0.0353951006236739,2013-10-16
"Steenbras Upper",2013,11,"Steenbras Upper",31767,0.0352454454956024,2013-11-15
"Steenbras Upper",2013,12,"Steenbras Upper",31767,0.0342011852686143,2013-12-16
"Steenbras Upper",2014,1,"Steenbras Upper",31767,0.0348352795890359,2014-01-16
"Steenbras Upper",2014,2,"Steenbras Upper",31767,0.0346046998361553,2014-02-14
"Steenbras Upper",2014,3,"Steenbras Upper",31767,0.0325272649472216,2014-03-16
"Steenbras Upper",2014,4,"Steenbras Upper",31767,0.0298323640854298,2014-04-15
"Steenbras Upper",2014,5,"Steenbras Upper",31767,0.0274090595671752,2014-05-16
"Steenbras Upper",2014,6,"Steenbras Upper",31767,0.0338431215177469,2014-06-15
"Steenbras Upper",2014,7,"Steenbras Upper",31767,0.035068076454925,2014-07-16
"Steenbras Upper",2014,8,"Steenbras Upper",31767,0.0354250316492882,2014-08-16
"Steenbras Upper",2014,9,"Steenbras Upper",31767,0.035604617802974,2014-09-15
"Steenbras Upper",2014,10,"Steenbras Upper",31767,0.0356345488285883,2014-10-16
"Steenbras Upper",2014,11,"Steenbras Upper",31767,0.034835279589036,2014-11-15
"Steenbras Upper",2014,12,"Steenbras Upper",31767,0.0350104315167048,2014-12-16
"Steenbras Upper",2015,1,"Steenbras Upper",31767,0.0345182324288251,2015-01-16
"Steenbras Upper",2015,2,"Steenbras Upper",31767,0.0313078527925647,2015-02-14
"Steenbras Upper",2015,3,"Steenbras Upper",31767,0.0287847781889291,2015-03-16
"Steenbras Upper",2015,4,"Steenbras Upper",31767,0.0219394417752867,2015-04-15
"Steenbras Upper",2015,5,"Steenbras Upper",31767,0.0205349006844228,2015-05-16
"Steenbras Upper",2015,6,"Steenbras Upper",31767,0.0200604385006108,2015-06-15
"Steenbras Upper",2015,7,"Steenbras Upper",31767,0.0235357631413831,2015-07-16
"Steenbras Upper",2015,8,"Steenbras Upper",31767,0.0354250316492882,2015-08-16
"Steenbras Upper",2015,9,"Steenbras Upper",31767,0.0336280615559255,2015-09-15
"Steenbras Upper",2015,10,"Steenbras Upper",31767,0.0329219110627288,2015-10-16
"Steenbras Upper",2015,11,"Steenbras Upper",31767,0.0301000804812022,2015-11-15
"Steenbras Upper",2015,12,"Steenbras Upper",31767,0.0273846713240821,2015-12-16
"Steenbras Upper",2016,1,"Steenbras Upper",31767,0.0271806969273031,2016-01-16
"Steenbras Upper",2016,2,"Steenbras Upper",31767,0.0262694634808231,2016-02-15
"Steenbras Upper",2016,3,"Steenbras Upper",31767,0.0207222467336383,2016-03-16
"Steenbras Upper",2016,4,"Steenbras Upper",31767,0.0207222467336383,2016-04-15
"Steenbras Upper",2016,5,"Steenbras Upper",31767,0.019876418120908,2016-05-16
"Steenbras Upper",2016,6,"Steenbras Upper",31767,0.0208702390269534,2016-06-15
"Steenbras Upper",2016,7,"Steenbras Upper",31767,0.0290220092808351,2016-07-16
"Steenbras Upper",2016,8,"Steenbras Upper",31767,0.0353352385724453,2016-08-16
"Steenbras Upper",2016,9,"Steenbras Upper",31767,0.0342876526759445,2016-09-15
"Steenbras Upper",2016,10,"Steenbras Upper",31767,0.0323886953841924,2016-10-16
"Steenbras Upper",2016,11,"Steenbras Upper",31767,0.0298722721195822,2016-11-15
"Steenbras Upper",2016,12,"Steenbras Upper",31767,0.0270787097289136,2016-12-16
"Steenbras Upper",2017,1,"Steenbras Upper",31767,0.0250323144220984,2017-01-16
"Steenbras Upper",2017,2,"Steenbras Upper",31767,0.0202455674368178,2017-02-14
"Steenbras Upper",2017,3,"Steenbras Upper",31767,0.0197522597924339,2017-03-16
"Steenbras Upper",2017,4,"Steenbras Upper",31767,0.0184585743519933,2017-04-15
"Steenbras Upper",2017,5,"Steenbras Upper",31767,0.0199562341892129,2017-05-16
"Steenbras Upper",2017,6,"Steenbras Upper",31767,0.020080392517687,2017-06-15
"Steenbras Upper",2017,7,"Steenbras Upper",31767,0.024617714289515,2017-07-16
"Steenbras Upper",2017,8,"Steenbras Upper",31767,0.0326403377106534,2017-08-16
"Steenbras Upper",2017,9,"Steenbras Upper",31767,,2017-09-04
"Theewaterskloof",2012,1,"Theewaterskloof",480188,0.372986029970934,2012-01-16
"Theewaterskloof",2012,2,"Theewaterskloof",480188,0.326960981028164,2012-02-15
"Theewaterskloof",2012,3,"Theewaterskloof",480188,0.29092956897106,2012-03-16
"Theewaterskloof",2012,4,"Theewaterskloof",480188,0.27439655726692,2012-04-15
"Theewaterskloof",2012,5,"Theewaterskloof",480188,0.276659121092061,2012-05-16
"Theewaterskloof",2012,6,"Theewaterskloof",480188,0.302892002208245,2012-06-15
"Theewaterskloof",2012,7,"Theewaterskloof",480188,0.35756490044054,2012-07-16
"Theewaterskloof",2012,8,"Theewaterskloof",480188,0.460924491782271,2012-08-16
"Theewaterskloof",2012,9,"Theewaterskloof",480188,0.530346180025142,2012-09-15
"Theewaterskloof",2012,10,"Theewaterskloof",480188,0.545363240709742,2012-10-16
"Theewaterskloof",2012,11,"Theewaterskloof",480188,0.532315530654913,2012-11-15
"Theewaterskloof",2012,12,"Theewaterskloof",480188,0.494795327212623,2012-12-16
"Theewaterskloof",2013,1,"Theewaterskloof",480188,0.450111631639976,2013-01-16
"Theewaterskloof",2013,2,"Theewaterskloof",480188,0.410028445559898,2013-02-14
"Theewaterskloof",2013,3,"Theewaterskloof",480188,0.377593190802528,2013-03-16
"Theewaterskloof",2013,4,"Theewaterskloof",480188,0.35711704361283,2013-04-15
"Theewaterskloof",2013,5,"Theewaterskloof",480188,0.349541168462898,2013-05-16
"Theewaterskloof",2013,6,"Theewaterskloof",480188,0.419539860366223,2013-06-15
"Theewaterskloof",2013,7,"Theewaterskloof",480188,0.452672397164756,2013-07-16
"Theewaterskloof",2013,8,"Theewaterskloof",480188,0.55512186361651,2013-08-16
"Theewaterskloof",2013,9,"Theewaterskloof",480188,0.557143870680233,2013-09-15
"Theewaterskloof",2013,10,"Theewaterskloof",480188,0.537965843156992,2013-10-16
"Theewaterskloof",2013,11,"Theewaterskloof",480188,0.543080722867525,2013-11-15
"Theewaterskloof",2013,12,"Theewaterskloof",480188,0.526139762369828,2013-12-16
"Theewaterskloof",2014,1,"Theewaterskloof",480188,0.4937155931775,2014-01-16
"Theewaterskloof",2014,2,"Theewaterskloof",480188,0.453185658826216,2014-02-14
"Theewaterskloof",2014,3,"Theewaterskloof",480188,0.416109986542124,2014-03-16
"Theewaterskloof",2014,4,"Theewaterskloof",480188,0.40231455512519,2014-04-15
"Theewaterskloof",2014,5,"Theewaterskloof",480188,0.39729778266528,2014-05-16
"Theewaterskloof",2014,6,"Theewaterskloof",480188,0.499739489221505,2014-06-15
"Theewaterskloof",2014,7,"Theewaterskloof",480188,0.544221427510382,2014-07-16
"Theewaterskloof",2014,8,"Theewaterskloof",480188,0.548223316490665,2014-08-16
"Theewaterskloof",2014,9,"Theewaterskloof",480188,0.542510924824349,2014-09-15
"Theewaterskloof",2014,10,"Theewaterskloof",480188,0.532315530654913,2014-10-16
"Theewaterskloof",2014,11,"Theewaterskloof",480188,0.510053498936894,2014-11-15
"Theewaterskloof",2014,12,"Theewaterskloof",480188,0.477157084673763,2014-12-16
"Theewaterskloof",2015,1,"Theewaterskloof",480188,0.430422559568284,2015-01-16
"Theewaterskloof",2015,2,"Theewaterskloof",480188,0.390901965914105,2015-02-14
"Theewaterskloof",2015,3,"Theewaterskloof",480188,0.340748098271317,2015-03-16
"Theewaterskloof",2015,4,"Theewaterskloof",480188,0.303702357012839,2015-04-15
"Theewaterskloof",2015,5,"Theewaterskloof",480188,0.272897788873197,2015-05-16
"Theewaterskloof",2015,6,"Theewaterskloof",480188,0.279508111307942,2015-06-15
"Theewaterskloof",2015,7,"Theewaterskloof",480188,0.296071054037695,2015-07-16
"Theewaterskloof",2015,8,"Theewaterskloof",480188,0.384564902657653,2015-08-16
"Theewaterskloof",2015,9,"Theewaterskloof",480188,0.404715134235107,2015-09-15
"Theewaterskloof",2015,10,"Theewaterskloof",480188,0.406883470757388,2015-10-16
"Theewaterskloof",2015,11,"Theewaterskloof",480188,0.379212791855214,2015-11-15
"Theewaterskloof",2015,12,"Theewaterskloof",480188,0.340748098271317,2015-12-16
"Theewaterskloof",2016,1,"Theewaterskloof",480188,0.291716644089066,2016-01-16
"Theewaterskloof",2016,2,"Theewaterskloof",480188,0.24162873555828,2016-02-15
"Theewaterskloof",2016,3,"Theewaterskloof",480188,0.198957070040817,2016-03-16
"Theewaterskloof",2016,4,"Theewaterskloof",480188,0.169720000798161,2016-04-15
"Theewaterskloof",2016,5,"Theewaterskloof",480188,0.16581566479025,2016-05-16
"Theewaterskloof",2016,6,"Theewaterskloof",480188,0.163473284896805,2016-06-15
"Theewaterskloof",2016,7,"Theewaterskloof",480188,0.210984908111751,2016-07-16
"Theewaterskloof",2016,8,"Theewaterskloof",480188,0.268088870757831,2016-08-16
"Theewaterskloof",2016,9,"Theewaterskloof",480188,0.281994603546937,2016-09-15
"Theewaterskloof",2016,10,"Theewaterskloof",480188,0.279317439589213,2016-10-16
"Theewaterskloof",2016,11,"Theewaterskloof",480188,0.258316945173013,2016-11-15
"Theewaterskloof",2016,12,"Theewaterskloof",480188,0.23227806144507,2016-12-16
"Theewaterskloof",2017,1,"Theewaterskloof",480188,0.196026046643623,2017-01-16
"Theewaterskloof",2017,2,"Theewaterskloof",480188,0.163639014094187,2017-02-14
"Theewaterskloof",2017,3,"Theewaterskloof",480188,0.130795256265007,2017-03-16
"Theewaterskloof",2017,4,"Theewaterskloof",480188,0.103295295064485,2017-04-15
"Theewaterskloof",2017,5,"Theewaterskloof",480188,0.0792551387136754,2017-05-16
"Theewaterskloof",2017,6,"Theewaterskloof",480188,0.0892581983296271,2017-06-15
"Theewaterskloof",2017,7,"Theewaterskloof",480188,0.10738143433909,2017-07-16
"Theewaterskloof",2017,8,"Theewaterskloof",480188,0.130688280562348,2017-08-16
"Theewaterskloof",2017,9,"Theewaterskloof",480188,,2017-09-04
"Victoria",2012,1,"Other",128,0,2012-01-16
"Victoria",2012,2,"Other",128,0,2012-02-15
"Victoria",2012,3,"Other",128,0,2012-03-16
"Victoria",2012,4,"Other",128,0,2012-04-15
"Victoria",2012,5,"Other",128,0,2012-05-16
"Victoria",2012,6,"Other",128,2.74922013049927e-05,2012-06-15
"Victoria",2012,7,"Other",128,0.000102098054039912,2012-07-16
"Victoria",2012,8,"Other",128,0.000142338655143591,2012-08-16
"Victoria",2012,9,"Other",128,0.000144001489899942,2012-09-15
"Victoria",2012,10,"Other",128,0.000142892933395708,2012-10-16
"Victoria",2012,11,"Other",128,0.000139400980407373,2012-11-15
"Victoria",2012,12,"Other",128,0.000132583357906336,2012-12-16
"Victoria",2013,1,"Other",128,0.000121608648514423,2013-01-16
"Victoria",2013,2,"Other",128,0.00011357161385873,2013-02-14
"Victoria",2013,3,"Other",128,0,2013-03-16
"Victoria",2013,4,"Other",128,0,2013-04-15
"Victoria",2013,5,"Other",128,0,2013-05-16
"Victoria",2013,6,"Other",128,8.61902682041606e-05,2013-06-15
"Victoria",2013,7,"Other",128,0.000123604050222044,2013-07-16
"Victoria",2013,8,"Other",128,0.000143447211647825,2013-08-16
"Victoria",2013,9,"Other",128,0.000144001489899942,2013-09-15
"Victoria",2013,10,"Other",128,0.000142892933395708,2013-10-16
"Victoria",2013,11,"Other",128,0.000142338655143591,2013-11-15
"Victoria",2013,12,"Other",128,0.000139123841281314,2013-12-16
"Victoria",2014,1,"Other",128,0.000131474801402102,2014-01-16
"Victoria",2014,2,"Other",128,0.000122828060669081,2014-02-14
"Victoria",2014,3,"Other",128,0.000116730999895796,2014-03-16
"Victoria",2014,4,"Other",128,0.000141230098639358,2014-04-15
"Victoria",2014,5,"Other",128,0.000142892933395708,2014-05-16
"Victoria",2014,6,"Other",128,0.000144278629026,2014-06-15
"Victoria",2014,7,"Other",128,0.000144001489899942,2014-07-16
"Victoria",2014,8,"Other",128,0.000144555768152058,2014-08-16
"Victoria",2014,9,"Other",128,0.000142892933395708,2014-09-15
"Victoria",2014,10,"Other",128,0.000140675820387241,2014-10-16
"Victoria",2014,11,"Other",128,0.000133581058760146,2014-11-15
"Victoria",2014,12,"Other",128,0.000123049771969927,2014-12-16
"Victoria",2015,1,"Other",128,0.000119613246806803,2015-01-16
"Victoria",2015,2,"Other",128,9.95483740801754e-05,2015-02-14
"Victoria",2015,3,"Other",128,0,2015-03-16
"Victoria",2015,4,"Other",128,0,2015-04-15
"Victoria",2015,5,"Other",128,0,2015-05-16
"Victoria",2015,6,"Other",128,2.54413717721606e-05,2015-06-15
"Victoria",2015,7,"Other",128,5.67580930167592e-05,2015-07-16
"Victoria",2015,8,"Other",128,0.00010398260009711,2015-08-16
"Victoria",2015,9,"Other",128,0.000127871992763343,2015-09-15
"Victoria",2015,10,"Other",128,0.000142892933395708,2015-10-16
"Victoria",2015,11,"Other",128,0.000141784376891475,2015-11-15
"Victoria",2015,12,"Other",128,0.000137461006524964,2015-12-16
"Victoria",2016,1,"Other",128,8.22548926141314e-05,2016-01-16
"Victoria",2016,2,"Other",128,7.593612054e-05,2016-02-15
"Victoria",2016,3,"Other",128,6.89522145633285e-05,2016-03-16
"Victoria",2016,4,"Other",128,6.87859310876934e-05,2016-04-15
"Victoria",2016,5,"Other",128,0,2016-05-16
"Victoria",2016,6,"Other",128,1.70717701651971e-05,2016-06-15
"Victoria",2016,7,"Other",128,6.3520287692584e-05,2016-07-16
"Victoria",2016,8,"Other",128,0.000116730999895796,2016-08-16
"Victoria",2016,9,"Other",128,0.000127040575385168,2016-09-15
"Victoria",2016,10,"Other",128,0.000142338655143591,2016-10-16
"Victoria",2016,11,"Other",128,0.000137461006524964,2016-11-15
"Victoria",2016,12,"Other",128,0.000133137636158453,2016-12-16
"Victoria",2017,1,"Other",128,0.000125488596279241,2017-01-16
"Victoria",2017,2,"Other",128,0.00011891596476564,2017-02-14
"Victoria",2017,3,"Other",128,0.000109020989408851,2017-03-16
"Victoria",2017,4,"Other",128,0.000103940474949949,2017-04-15
"Victoria",2017,5,"Other",128,9.93211199968074e-05,2017-05-16
"Victoria",2017,6,"Other",128,0.000115257728301669,2017-06-15
"Victoria",2017,7,"Other",128,0.000143979318769857,2017-07-16
"Victoria",2017,8,"Other",128,0.000143441668865304,2017-08-16
"Victoria",2017,9,"Other",128,,2017-09-04
"Voelvlei",2012,1,"Voelvlei",164095,0.129824160767298,2012-01-16
"Voelvlei",2012,2,"Voelvlei",164095,0.110602899540392,2012-02-15
"Voelvlei",2012,3,"Voelvlei",164095,0.094454556943222,2012-03-16
"Voelvlei",2012,4,"Voelvlei",164095,0.0821263000596404,2012-04-15
"Voelvlei",2012,5,"Voelvlei",164095,0.0775191392280456,2012-05-16
"Voelvlei",2012,6,"Voelvlei",164095,0.0836827133915843,2012-06-15
"Voelvlei",2012,7,"Voelvlei",164095,0.109567507765438,2012-07-16
"Voelvlei",2012,8,"Voelvlei",164095,0.137412230038777,2012-08-16
"Voelvlei",2012,9,"Voelvlei",164095,0.18141638047433,2012-09-15
"Voelvlei",2012,10,"Voelvlei",164095,0.180200293989185,2012-10-16
"Voelvlei",2012,11,"Voelvlei",164095,0.172750240002483,2012-11-15
"Voelvlei",2012,12,"Voelvlei",164095,0.159351671814064,2012-12-16
"Voelvlei",2013,1,"Voelvlei",164095,0.140775590472622,2013-01-16
"Voelvlei",2013,2,"Voelvlei",164095,0.121457330551595,2013-02-14
"Voelvlei",2013,3,"Voelvlei",164095,0.106334956999093,2013-03-16
"Voelvlei",2013,4,"Voelvlei",164095,0.0969909342249084,2013-04-15
"Voelvlei",2013,5,"Voelvlei",164095,0.0937528406760421,2013-05-16
"Voelvlei",2013,6,"Voelvlei",164095,0.116967122431198,2013-06-15
"Voelvlei",2013,7,"Voelvlei",164095,0.140454109086394,2013-07-16
"Voelvlei",2013,8,"Voelvlei",164095,0.174195243405752,2013-08-16
"Voelvlei",2013,9,"Voelvlei",164095,0.184916093358195,2013-09-15
"Voelvlei",2013,10,"Voelvlei",164095,0.18124122854666,2013-10-16
"Voelvlei",2013,11,"Voelvlei",164095,0.178127293326268,2013-11-15
"Voelvlei",2013,12,"Voelvlei",164095,0.167256788245754,2013-12-16
"Voelvlei",2014,1,"Voelvlei",164095,0.156507115824201,2014-01-16
"Voelvlei",2014,2,"Voelvlei",164095,0.141499477869887,2014-02-14
"Voelvlei",2014,3,"Voelvlei",164095,0.123608484448061,2014-03-16
"Voelvlei",2014,4,"Voelvlei",164095,0.113283389167629,2014-04-15
"Voelvlei",2014,5,"Voelvlei",164095,0.107212933750446,2014-05-16
"Voelvlei",2014,6,"Voelvlei",164095,0.133761753470336,2014-06-15
"Voelvlei",2014,7,"Voelvlei",164095,0.164224886206675,2014-07-16
"Voelvlei",2014,8,"Voelvlei",164095,0.181938510587823,2014-08-16
"Voelvlei",2014,9,"Voelvlei",164095,0.182723922871073,2014-09-15
"Voelvlei",2014,10,"Voelvlei",164095,0.181068293732,2014-10-16
"Voelvlei",2014,11,"Voelvlei",164095,0.171733693688101,2014-11-15
"Voelvlei",2014,12,"Voelvlei",164095,0.157844034968306,2014-12-16
"Voelvlei",2015,1,"Voelvlei",164095,0.139971887007053,2015-01-16
"Voelvlei",2015,2,"Voelvlei",164095,0.122223343096021,2015-02-14
"Voelvlei",2015,3,"Voelvlei",164095,0.105313976458694,2015-03-16
"Voelvlei",2015,4,"Voelvlei",164095,0.0901300780202068,2015-04-15
"Voelvlei",2015,5,"Voelvlei",164095,0.0769903577755262,2015-05-16
"Voelvlei",2015,6,"Voelvlei",164095,0.0714575522628964,2015-06-15
"Voelvlei",2015,7,"Voelvlei",164095,0.0738487086425282,2015-07-16
"Voelvlei",2015,8,"Voelvlei",164095,0.0909626039548862,2015-08-16
"Voelvlei",2015,9,"Voelvlei",164095,0.0901993628017214,2015-09-15
"Voelvlei",2015,10,"Voelvlei",164095,0.0844986109787002,2015-10-16
"Voelvlei",2015,11,"Voelvlei",164095,0.0737190075315329,2015-11-15
"Voelvlei",2015,12,"Voelvlei",164095,0.0612954147885872,2015-12-16
"Voelvlei",2016,1,"Voelvlei",164095,0.052533384179125,2016-01-16
"Voelvlei",2016,2,"Voelvlei",164095,0.0440828579473524,2016-02-15
"Voelvlei",2016,3,"Voelvlei",164095,0.0378106452463989,2016-03-16
"Voelvlei",2016,4,"Voelvlei",164095,0.0355968579074444,2016-04-15
"Voelvlei",2016,5,"Voelvlei",164095,0.0385877433558666,2016-05-16
"Voelvlei",2016,6,"Voelvlei",164095,0.0378660730716105,2016-06-15
"Voelvlei",2016,7,"Voelvlei",164095,0.0707514017696996,2016-07-16
"Voelvlei",2016,8,"Voelvlei",164095,0.106188627540534,2016-08-16
"Voelvlei",2016,9,"Voelvlei",164095,0.123069171708751,2016-09-15
"Voelvlei",2016,10,"Voelvlei",164095,0.129980467234395,2016-10-16
"Voelvlei",2016,11,"Voelvlei",164095,0.122300387773065,2016-11-15
"Voelvlei",2016,12,"Voelvlei",164095,0.105459197360749,2016-12-16
"Voelvlei",2017,1,"Voelvlei",164095,0.0866835758485446,2017-01-16
"Voelvlei",2017,2,"Voelvlei",164095,0.0676934486527713,2017-02-14
"Voelvlei",2017,3,"Voelvlei",164095,0.0504082813605092,2017-03-16
"Voelvlei",2017,4,"Voelvlei",164095,0.0385323155306549,2017-04-15
"Voelvlei",2017,5,"Voelvlei",164095,0.0312091912636879,2017-05-16
"Voelvlei",2017,6,"Voelvlei",164095,0.0324657400612366,2017-06-15
"Voelvlei",2017,7,"Voelvlei",164095,0.0372563669942821,2017-07-16
"Voelvlei",2017,8,"Voelvlei",164095,0.0409872139092802,2017-08-16
"Voelvlei",2017,9,"Voelvlei",164095,,2017-09-04
"Wemmershoek",2012,1,"Wemmershoek",58644,0.0480404046674663,2012-01-16
"Wemmershoek",2012,2,"Wemmershoek",58644,0.044199256380297,2012-02-15
"Wemmershoek",2012,3,"Wemmershoek",58644,0.0376787270223951,2012-03-16
"Wemmershoek",2012,4,"Wemmershoek",58644,0.0321996865002206,2012-04-15
"Wemmershoek",2012,5,"Wemmershoek",58644,0.0305274290135843,2012-05-16
"Wemmershoek",2012,6,"Wemmershoek",58644,0.0311387979256691,2012-06-15
"Wemmershoek",2012,7,"Wemmershoek",58644,0.0381919886838552,2012-07-16
"Wemmershoek",2012,8,"Wemmershoek",58644,0.0542693836647548,2012-08-16
"Wemmershoek",2012,9,"Wemmershoek",58644,0.0650755924680237,2012-09-15
"Wemmershoek",2012,10,"Wemmershoek",58644,0.0643849617658862,2012-10-16
"Wemmershoek",2012,11,"Wemmershoek",58644,0.0628518281205312,2012-11-15
"Wemmershoek",2012,12,"Wemmershoek",58644,0.0594430168700129,2012-12-16
"Wemmershoek",2013,1,"Wemmershoek",58644,0.054892392420134,2013-01-16
"Wemmershoek",2013,2,"Wemmershoek",58644,0.050469251968242,2013-02-14
"Wemmershoek",2013,3,"Wemmershoek",58644,0.0461846810793793,2013-03-16
"Wemmershoek",2013,4,"Wemmershoek",58644,0.0439875220879883,2013-04-15
"Wemmershoek",2013,5,"Wemmershoek",58644,0.0432048811959994,2013-05-16
"Wemmershoek",2013,6,"Wemmershoek",58644,0.054996596731532,2013-06-15
"Wemmershoek",2013,7,"Wemmershoek",58644,0.0598797881326809,2013-07-16
"Wemmershoek",2013,8,"Wemmershoek",58644,0.0649436742440199,2013-08-16
"Wemmershoek",2013,9,"Wemmershoek",58644,0.0649436742440199,2013-09-15
"Wemmershoek",2013,10,"Wemmershoek",58644,0.0642863002370094,2013-10-16
"Wemmershoek",2013,11,"Wemmershoek",58644,0.0636987652897656,2013-11-15
"Wemmershoek",2013,12,"Wemmershoek",58644,0.0616944951301113,2013-12-16
"Wemmershoek",2014,1,"Wemmershoek",58644,0.0568456689805936,2014-01-16
"Wemmershoek",2014,2,"Wemmershoek",58644,0.0517862170952716,2014-02-14
"Wemmershoek",2014,3,"Wemmershoek",58644,0.0463687014590821,2014-03-16
"Wemmershoek",2014,4,"Wemmershoek",58644,0.0426633513436813,2014-04-15
"Wemmershoek",2014,5,"Wemmershoek",58644,0.038238548057033,2014-05-16
"Wemmershoek",2014,6,"Wemmershoek",58644,0.0546291102503785,2014-06-15
"Wemmershoek",2014,7,"Wemmershoek",58644,0.061564794019116,2014-07-16
"Wemmershoek",2014,8,"Wemmershoek",58644,0.0649104175488929,2014-08-16
"Wemmershoek",2014,9,"Wemmershoek",58644,0.064483623294763,2014-09-15
"Wemmershoek",2014,10,"Wemmershoek",58644,0.0614384185776333,2014-10-16
"Wemmershoek",2014,11,"Wemmershoek",58644,0.0553535519258953,2014-11-15
"Wemmershoek",2014,12,"Wemmershoek",58644,0.0518006283298266,2014-12-16
"Wemmershoek",2015,1,"Wemmershoek",58644,0.047877446861344,2015-01-16
"Wemmershoek",2015,2,"Wemmershoek",58644,0.0437375425962837,2015-02-14
"Wemmershoek",2015,3,"Wemmershoek",58644,0.0402361668776619,2015-03-16
"Wemmershoek",2015,4,"Wemmershoek",58644,0.0367674935759151,2015-04-15
"Wemmershoek",2015,5,"Wemmershoek",58644,0.0327478676915641,2015-05-16
"Wemmershoek",2015,6,"Wemmershoek",58644,0.0334329556111805,2015-06-15
"Wemmershoek",2015,7,"Wemmershoek",58644,0.0345891800450961,2015-07-16
"Wemmershoek",2015,8,"Wemmershoek",58644,0.0463687014590821,2015-08-16
"Wemmershoek",2015,9,"Wemmershoek",58644,0.0473774878779346,2015-09-15
"Wemmershoek",2015,10,"Wemmershoek",58644,0.0449497491336631,2015-10-16
"Wemmershoek",2015,11,"Wemmershoek",58644,0.0423257958881422,2015-11-15
"Wemmershoek",2015,12,"Wemmershoek",58644,0.0397062768686383,2015-12-16
"Wemmershoek",2016,1,"Wemmershoek",58644,0.03733174883657,2016-01-16
"Wemmershoek",2016,2,"Wemmershoek",58644,0.0352376856000727,2016-02-15
"Wemmershoek",2016,3,"Wemmershoek",58644,0.0330516121737241,2016-03-16
"Wemmershoek",2016,4,"Wemmershoek",58644,0.031826657236546,2016-04-15
"Wemmershoek",2016,5,"Wemmershoek",58644,0.0313799089653399,2016-05-16
"Wemmershoek",2016,6,"Wemmershoek",58644,0.029780816207983,2016-06-15
"Wemmershoek",2016,7,"Wemmershoek",58644,0.0376321676492173,2016-07-16
"Wemmershoek",2016,8,"Wemmershoek",58644,0.0449497491336631,2016-08-16
"Wemmershoek",2016,9,"Wemmershoek",58644,0.0455516953154619,2016-09-15
"Wemmershoek",2016,10,"Wemmershoek",58644,0.0430530089549194,2016-10-16
"Wemmershoek",2016,11,"Wemmershoek",58644,0.0370773351188484,2016-11-15
"Wemmershoek",2016,12,"Wemmershoek",58644,0.0305473830306605,2016-12-16
"Wemmershoek",2017,1,"Wemmershoek",58644,0.0241909200353851,2017-01-16
"Wemmershoek",2017,2,"Wemmershoek",58644,0.0236610300263615,2017-02-14
"Wemmershoek",2017,3,"Wemmershoek",58644,0.0233728053352607,2017-03-16
"Wemmershoek",2017,4,"Wemmershoek",58644,0.023355068431193,2017-04-15
"Wemmershoek",2017,5,"Wemmershoek",58644,0.0234448615080359,2017-05-16
"Wemmershoek",2017,6,"Wemmershoek",58644,0.0237968281981301,2017-06-15
"Wemmershoek",2017,7,"Wemmershoek",58644,0.0235346545848788,2017-07-16
"Wemmershoek",2017,8,"Wemmershoek",58644,0.025936896529553,2017-08-16
"Wemmershoek",2017,9,"Wemmershoek",58644,,2017-09-04
"Woodhead",2012,1,"Other",955,0.000687526743925665,2012-01-16
"Woodhead",2012,2,"Other",955,0.000784303726745256,2012-02-15
"Woodhead",2012,3,"Other",955,0.000677438879737139,2012-03-16
"Woodhead",2012,4,"Other",955,0.000498129865177358,2012-04-15
"Woodhead",2012,5,"Other",955,0.000764017142717781,2012-05-16
"Woodhead",2012,6,"Other",955,0.000782973458940176,2012-06-15
"Woodhead",2012,7,"Other",955,0.00101200123271483,2012-07-16
"Woodhead",2012,8,"Other",955,0.00105601092593291,2012-08-16
"Woodhead",2012,9,"Other",955,0.000940111343415286,2012-09-15
"Woodhead",2012,10,"Other",955,0.000962116190024322,2012-10-16
"Woodhead",2012,11,"Other",955,0.000830530532971796,2012-11-15
"Woodhead",2012,12,"Other",955,0.000850484550048001,2012-12-16
"Woodhead",2013,1,"Other",955,0.000766566822677519,2013-01-16
"Woodhead",2013,2,"Other",955,0.00048366320279711,2013-02-14
"Woodhead",2013,3,"Other",955,0.000690076423885402,2013-03-16
"Woodhead",2013,4,"Other",955,0.00087620306094622,2013-04-15
"Woodhead",2013,5,"Other",955,0.000597622811432322,2013-05-16
"Woodhead",2013,6,"Other",955,0.000575229970046804,2013-06-15
"Woodhead",2013,7,"Other",955,0.000731536437143738,2013-07-16
"Woodhead",2013,8,"Other",955,0.000994153472996672,2013-08-16
"Woodhead",2013,9,"Other",955,0.00105678691548587,2013-09-15
"Woodhead",2013,10,"Other",955,0.000760691473205081,2013-10-16
"Woodhead",2013,11,"Other",955,0.000825819167828804,2013-11-15
"Woodhead",2013,12,"Other",955,0.000873653380986482,2013-12-16
"Woodhead",2014,1,"Other",955,0.000852590807406044,2014-01-16
"Woodhead",2014,2,"Other",955,0.000624616162310409,2014-02-14
"Woodhead",2014,3,"Other",955,0.000671896097215971,2014-03-16
"Woodhead",2014,4,"Other",955,0.000746003099523985,2014-04-15
"Woodhead",2014,5,"Other",955,0.000524901504754599,2014-05-16
"Woodhead",2014,6,"Other",955,0.000649503255830453,2014-06-15
"Woodhead",2014,7,"Other",955,0.000762354307961431,2014-07-16
"Woodhead",2014,8,"Other",955,0.00103993685662152,2014-08-16
"Woodhead",2014,9,"Other",955,0.000839731551956935,2014-09-15
"Woodhead",2014,10,"Other",955,0.000648283843675796,2014-10-16
"Woodhead",2014,11,"Other",955,0.000792396189226161,2014-11-15
"Woodhead",2014,12,"Other",955,0.000723887397264526,2014-12-16
"Woodhead",2015,1,"Other",955,0.000723111407711562,2015-01-16
"Woodhead",2015,2,"Other",955,0.000783860304143562,2015-02-14
"Woodhead",2015,3,"Other",955,0.000536319636748205,2015-03-16
"Woodhead",2015,4,"Other",955,0.000533659101138044,2015-04-15
"Woodhead",2015,5,"Other",955,0.000491977376578862,2015-05-16
"Woodhead",2015,6,"Other",955,0.000619017951964029,2015-06-15
"Woodhead",2015,7,"Other",955,0.000719674882548438,2015-07-16
"Woodhead",2015,8,"Other",955,0.000965885282138716,2015-08-16
"Woodhead",2015,9,"Other",955,0.000830031682544891,2015-09-15
"Woodhead",2015,10,"Other",955,0.00065072266798511,2015-10-16
"Woodhead",2015,11,"Other",955,0.000720949722528307,2015-11-15
"Woodhead",2015,12,"Other",955,0.000675776044980789,2015-12-16
"Woodhead",2016,1,"Other",955,0.000672672086768935,2016-01-16
"Woodhead",2016,2,"Other",955,0.000690076423885402,2016-02-15
"Woodhead",2016,3,"Other",955,0.000753818422878833,2016-03-16
"Woodhead",2016,4,"Other",955,0.000850484550048001,2016-04-15
"Woodhead",2016,5,"Other",955,0.000857135889073402,2016-05-16
"Woodhead",2016,6,"Other",955,0.000874318514889022,2016-06-15
"Woodhead",2016,7,"Other",955,0.000904360396153752,2016-07-16
"Woodhead",2016,8,"Other",955,0.00105900402849434,2016-08-16
"Woodhead",2016,9,"Other",955,0.00105900402849434,2016-09-15
"Woodhead",2016,10,"Other",955,0.00105756290503883,2016-10-16
"Woodhead",2016,11,"Other",955,0.00104869445300496,2016-11-15
"Woodhead",2016,12,"Other",955,0.00104869445300496,2016-12-16
"Woodhead",2017,1,"Other",955,0.00103849573316602,2017-01-16
"Woodhead",2017,2,"Other",955,0.00103849573316602,2017-02-14
"Woodhead",2017,3,"Other",955,0.00101776572653685,2017-03-16
"Woodhead",2017,4,"Other",955,0.000817892988823534,2017-04-15
"Woodhead",2017,5,"Other",955,0.000764903987921168,2017-05-16
"Woodhead",2017,6,"Other",955,0.000987945556572964,2017-06-15
"Woodhead",2017,7,"Other",955,0.000959455654414161,2017-07-16
"Woodhead",2017,8,"Other",955,0.00105091156601343,2017-08-16
"Woodhead",2017,9,"Other",955,,2017-09-04
